rut,nombre,edad,sexo
46251263-5,Catalina Luna,90,mujer
92310665-0,Sergio Galaz,47,hombre
77837095-6,Catalina Patino,55,mujer
66922079-0,Nicolas Henriquez,70,mujer
79464991-k,Magdalena Santibanez,74,hombre
22997103-4,Lisandro Pinto,42,mujer
61890115-7,Leonardo Bucarei,42,hombre
45347413-5,Sofia Pena,29,hombre
54864080-6,Valentina Gutierrez,75,hombre
86447590-6,Simoney Mora,26,hombre
45355149-0,Martin Bustos,54,hombre
19942007-0,Diego Caniullan,89,hombre
79263691-8,Yanara Carrasco,39,mujer
32165632-3,Karla Castillo,38,mujer
66760004-9,Yaimara Cisternas,83,hombre
49326776-0,Pamela Figueroa,91,mujer
97804380-1,Aritza Flores,67,mujer
83399209-0,Giordano Flores,20,hombre
86260284-6,Danae Gamboa,95,mujer
19209075-k,Diego Guajardo,74,mujer
31653150-4,Bayron Guzman,84,mujer
64100872-9,Gabriela Jimenez,26,hombre
72629258-2,Orlando Moraga,56,hombre
17263415-k,Matias Moreno,13,mujer
18208603-7,Matias Painequeo,85,mujer
90414316-2,Sayenn Pavez,26,mujer
16045471-7,Gonzalo Pino,88,mujer
28792266-3,Benjamin Quilacan,37,hombre
68353685-7,Millaray Ramos,56,hombre
99428020-1,Aaron Roa,83,mujer
24840265-2,Martin Rojas,66,hombre
79850677-3,Yael Salcedo,81,hombre
95741388-9,Caceres San,57,mujer
77210598-3,Lucas Santibanez,63,hombre
96187015-1,Luis Torres,57,mujer
68120110-6,Zithlali Ulloa,28,hombre
56619171-7,Javiera Vasquez,66,hombre
51616764-5,Jorge Zumelzu,15,mujer
60916764-5,Alan Aceiton,97,hombre
81252987-0,Paz Aguayo,41,mujer
59192155-k,Flores Al,67,hombre
41391265-2,Lucas Araya,81,hombre
76041278-3,Daniela Arriagada,75,mujer
78158392-8,Benjamin Barria,43,mujer
49995619-3,Franco Benavides,97,mujer
37156185-4,Genesis Cardenas,59,mujer
85410626-0,Sergio Cardenas,24,hombre
10116173-0,Antonio Carrasco,72,hombre
88757035-3,Ian Carrera,30,mujer
68583239-9,Barbara Carvajal,42,hombre
35492826-4,Ignacio Castillo,59,hombre
86683089-4,Alondra Chamorro,91,mujer
28320055-8,Francisca Colima,67,hombre
86043030-4,Constanza Conejeros,87,mujer
27604578-4,Ivanna Contreras,44,mujer
35412165-4,Martin Flores,78,mujer
80869010-1,Constanza Gomez,40,hombre
86555166-5,Franco Gomez,34,mujer
61036645-7,Javiera Grandin,10,hombre
40373818-2,Javier Hurtado,84,mujer
24149278-8,Lucas Jara,84,mujer
43161018-3,Benjamin Jeria,95,mujer
67938721-9,Felipe Jilberto,16,hombre
18768050-6,Constanza Jorquera,32,hombre
49881324-0,Javiera Lizama,54,hombre
36578275-k,Catalina Lopez,28,mujer
92505908-0,Isidora Loyola,83,hombre
16483997-4,Bruno Mardones,36,hombre
91957885-8,Antonella Molina,53,mujer
85930746-9,Escarlet Morales,31,hombre
43630977-5,Javier Moya,30,mujer
70876733-6,Xavier Oyarzun,62,hombre
36731956-9,Silvio Peralta,81,mujer
42127645-5,Yohao Portales,70,hombre
38158176-4,Cesia Ramos,85,mujer
48292072-1,Francisca Reyes,33,mujer
86434438-0,Benjamin Rodriguez,30,mujer
62974576-9,Juan Sanchez,86,mujer
71881591-6,Constanza Sepulveda,53,hombre
16670974-1,Lucas Vasquez,74,hombre
19027799-2,Matias Vega,52,hombre
36669949-k,Isidora Villarroel,98,mujer
58179139-9,Victoria Adasme,75,hombre
80146994-9,Alonso Agurto,41,mujer
34902561-2,Carlos Antifil,99,hombre
27811535-6,Maria Aranda,34,mujer
37653211-9,Ignacio Arias,17,hombre
78734770-3,Rocio Bernales,95,hombre
82260254-1,Amaro Bravo,70,mujer
92253121-8,SeBastian Bustos,34,hombre
53325503-5,Jacob Cartes,98,hombre
27423756-2,Martin Celis,84,hombre
56840142-5,Noelia Cid,21,hombre
99233768-0,Hugo Cordova,37,hombre
95541819-0,Rocio Cuello,30,hombre
61773216-5,Monserrat Echeverria,28,hombre
13635178-8,Fernando Escobar,14,hombre
93310611-k,Emily Farias,40,hombre
85073231-0,Isidora Fernandez,89,hombre
41601315-2,Antonella Garrido,49,mujer
98121429-3,Conzuelo Gonzalez,82,hombre
80511365-0,Josefa Huaiquil,53,mujer
62815723-5,Millaray Jimenez,88,hombre
33734821-1,Alondra Llanquimin,30,hombre
25806104-7,Fernando Lopez,76,hombre
23514054-3,Valeria Martinez,74,mujer
72309503-4,Alexia Matus,18,mujer
48908396-5,Martin Neculman,51,mujer
71198104-7,Isidora Orellana,90,hombre
76534733-5,Luis Pacheco,37,hombre
73222374-6,Carlos Pinto,31,mujer
28597225-6,Diego Plaza,25,mujer
32700742-4,Francisca Roblero,97,mujer
28118803-8,Padme Rodriguez,47,hombre
34572846-5,Benjamin Saavedra,34,mujer
42723522-k,Millaray Salazar,65,mujer
15591154-9,Deyanira Santander,73,mujer
16636734-4,Yasmin Suarez,73,mujer
63795324-9,Paloma Sucarrat,87,hombre
65538426-k,Kitzy Vega,53,mujer
62942419-9,Enygger Videla,45,hombre
33236616-5,Simona Vilches,98,mujer
31679088-7,Cristobal Yanka,44,hombre
82581279-2,Abigail Alarcon,48,mujer
35069575-3,Pablo Salazar,52,hombre
99927220-7,Antonio Salinas,83,hombre
70106627-8,Leandro Aravena,34,hombre
43953571-7,Anais Oyarzon,77,mujer
51194123-7,Victoria Toloza,73,mujer
75490842-4,Dominique Contreras,71,hombre
64336012-8,Alessandro Pizarro,25,hombre
54023774-3,Andrea Aguilar,11,mujer
45008209-0,Yadhira Cifuentes,97,mujer
40538537-6,Millaray Meza,89,mujer
12187269-2,Kiara Moya,46,mujer
27952560-4,Celine Yanez,74,hombre
55823148-3,Andrea Sanhueza,67,mujer
67978268-1,Danitza Castro,77,mujer
99070181-4,Shantal Munoz,75,mujer
50042631-4,Isidora Bravo,16,mujer
99466469-7,Matias Pichulpil,23,hombre
36664523-3,Kris Pena,12,mujer
44812887-3,Rayen Contreras,70,mujer
34643031-1,Yaritza Garcia,23,hombre
21759577-0,Ivan Sarmiento,47,hombre
32992512-9,Alexandra Carmona,86,mujer
85553386-3,Mairin Romero,26,hombre
45510769-5,Salom Orellana,83,hombre
45740927-3,Constanza Loyola,19,mujer
98849412-7,Alejandra Olguin,42,hombre
42300579-3,Alonso Carrasco,84,hombre
84921010-6,Cristobal Vallejos,90,mujer
51248373-9,Macarena Munoz,54,hombre
38628283-8,Andres Diaz,49,mujer
78662700-1,Esteban Guzman,95,mujer
80703512-6,Andrea Alburquenque,24,hombre
37142311-7,Sofia Flores,83,hombre
97036167-7,Katalina Gonzalez,17,mujer
53967694-6,Jesus Gonzalez,72,hombre
23407008-8,Antonia Olivares,51,hombre
76494450-k,Isidora Pacheco,15,hombre
56229978-5,Francisca Cayupan,43,hombre
40269415-7,Emiliano Figueroa,57,mujer
80592689-9,Alonso Dumont,18,hombre
52576933-k,Amaro Mondaca,87,mujer
71612139-9,Absalon Figueroa,32,mujer
23632306-4,Antonia Ortega,94,hombre
16413527-6,Josefa Alarcon,67,mujer
77489819-0,Alonso Farias,98,mujer
85301240-8,Matias Rodriguez,92,mujer
53721649-2,Alonso Toro,59,mujer
12655924-0,Andres Vergara,37,hombre
79154026-7,Noemi Castro,15,hombre
24115633-8,Adriana Jimenez,72,mujer
34917249-6,Miguel Martinez,47,hombre
85034590-2,Benjamin Cayul,94,hombre
19680912-0,Ignacio Mardones,69,hombre
40455577-4,Marcela Vargas,27,mujer
81401624-2,Andres Painenao,64,mujer
40978316-3,Gustavo Mena,95,mujer
77189827-0,Anibal Contreras,19,hombre
13093741-1,Javiera Vigouroux,38,hombre
26123513-7,Arturo Calabrano,82,hombre
12874915-2,Ignacio Huenuanca,28,hombre
15623590-3,Josue Donoso,32,mujer
45981588-0,Jesus Navarrete,44,hombre
82003178-4,Aaron Cares,86,mujer
29415476-0,Paz Munoz,75,hombre
38631846-8,Antonia Elguezabal,88,mujer
61242043-2,Kathalina San,45,mujer
28954972-2,Ignacio Delgado,80,hombre
88094734-6,Andres Abarca,14,hombre
69163174-5,Alejandro Sarmiento,55,mujer
53042462-6,Alexander Pena,64,mujer
81330568-2,Samanta Marinao,60,hombre
86679007-8,Paola Quezada,19,hombre
83896534-2,Ignacio Barra,98,hombre
91210142-8,Ariel Iturra,44,mujer
72570829-7,Daniel Zuniga,62,hombre
58044372-9,Catalina Jara,88,mujer
40640800-0,Venecia Campos,71,hombre
73324033-4,Fernanda Repol,84,mujer
80549244-9,Ignacia Galvez,89,mujer
40070443-0,Scarlett Pezoa,13,mujer
68377701-3,Jessica Reyes,59,hombre
20228556-2,De Rave,15,hombre
16264932-9,Daniel Blanco,36,mujer
80580088-7,Valentina Cancino,76,hombre
84167281-k,Claudio Carreno,39,mujer
93044599-1,Valentina Castillo,16,mujer
47922722-5,Gustavo Castro,22,mujer
41183684-3,Tamara Dealecio,50,mujer
94947578-6,Carla Farias,57,hombre
33890329-4,Fernanda Gajardo,59,mujer
91085975-7,Paula Gajardo,17,hombre
96562711-1,Isidora Garabito,95,mujer
52392092-8,Ignacia Gomez,79,mujer
91938760-2,Catalina Gonzalez,94,hombre
98518861-0,Daniela Gutierrez,90,hombre
72275204-k,Catalina Huentelaf,19,mujer
70388205-6,Bryan Jorquera,79,hombre
80924311-7,Diego Lopez,67,mujer
73031326-8,Matias Maldonado,79,hombre
66970190-k,Catalina Miranda,36,hombre
81641085-1,Catari Monsalves,30,mujer
17371278-2,Catalina Montero,92,mujer
72447098-k,Fernanda Montero,35,mujer
59161375-8,Matias Munoz,24,hombre
14106853-9,Javiera Peralta,30,mujer
94506083-2,Ariana Perez,57,hombre
24878659-0,Joaquin Pinto,45,hombre
23937155-8,Nelson Quezada,69,mujer
79407634-0,Ignacio Quiroz,68,hombre
27083103-6,Giancarlo Roblero,94,hombre
77757931-2,Barbara Sanchez,35,hombre
21290952-1,Paolo Silva,24,hombre
79695896-0,Emilio Soto,89,hombre
89512502-4,Yacyara Soza,22,hombre
31256887-k,Jacob Torres,36,mujer
46067685-1,Catalina Urquiza,83,mujer
58143457-k,Alejandra Valdes,85,mujer
69719019-8,Catalina Valencia,57,mujer
81207716-3,Catalina Vasquez,49,hombre
92394961-5,Juan Veas,22,hombre
99149710-2,Yael Vera,91,hombre
92851961-9,Karla Villablanca,63,hombre
22637365-9,Diego Villegas,64,hombre
41694611-6,Javiera Alarcon,68,mujer
28231652-8,Vicente Alarcon,19,hombre
97321798-4,Benjamin Ancacura,86,mujer
35773530-0,Alan Armijo,47,mujer
73745994-2,Daniela Arrao,50,hombre
32644502-9,Kharla Astudillo,99,mujer
62220169-0,Sayuri Bahamondes,85,hombre
69020528-9,Dylan Campos,87,mujer
62887150-7,Angelo Caniunir,12,mujer
16687104-2,Nazaret Carreno,91,mujer
51630030-2,Fabiano Carte,52,hombre
47249752-9,Mateo Contreras,50,mujer
55868629-4,Martina Cuevas,70,mujer
75766984-6,Agustin Farias,36,mujer
32817993-8,Isidora Galvez,30,hombre
83538271-0,Gabriela Garay,22,hombre
80628376-2,Valentina Gomez,48,hombre
44422964-0,Bastian Lagos,35,hombre
31691559-0,Esteban Leiva,72,mujer
31457093-6,Barbara Lincopion,74,hombre
61863167-2,Loreto Luna,48,mujer
91051274-9,Matias Marillan,32,hombre
81019249-6,Matias Momberg,96,mujer
75106425-k,Benjamin Mondaca,85,hombre
52581344-4,Andres Mora,34,mujer
13700503-4,Josue Moreno,28,mujer
45677093-2,Krishna Ordenez,31,hombre
18912034-6,Iahn Oyarce,42,hombre
22876040-4,Trinidad Peralta,16,mujer
29742884-5,Constanza Quezada,51,hombre
13295853-k,Genesis Ramirez,15,hombre
22252251-k,Katherine Retamal,94,hombre
53642790-2,Yamna Reyes,48,mujer
83481742-k,Fernanda Salinas,85,hombre
84095044-1,Benjamin Sanchez,78,hombre
98544321-1,Francisca Sanchez,55,mujer
96404014-1,Yaen Sanhueza,36,mujer
37731534-0,Benjamin Soto,28,mujer
55676647-9,Kathya Spedaletti,97,hombre
48766480-4,Bastian Tapia,69,hombre
15119459-1,Fernanda Vargas,16,hombre
76849115-1,Camilo Zambrano,13,mujer
15765031-9,Barbara Zuniga,10,hombre
32726853-8,Camila Aburto,26,hombre
59260036-6,Valentina Aliaga,96,hombre
19130484-5,Camila Arancibia,36,hombre
57325256-k,Javier Aravena,45,hombre
80356838-3,Diego Arce,93,mujer
10119008-0,Javiera Barrera,95,hombre
57437538-k,Nayelit Brantes,41,hombre
80092681-5,Tamara Candia,24,hombre
40503382-8,Dania Carreno,29,mujer
14292252-5,Constanza Castillo,55,hombre
24215497-5,Constanza Diaz,72,hombre
60987705-7,Jose Espina,19,mujer
59959821-9,Rodrigo Figueroa,10,hombre
97418193-2,Fernanda Gonzslez,77,hombre
88034198-7,Daniela Habibe,36,hombre
56725663-4,Gloria Herrera,66,hombre
54157127-2,Thaira Hormazabal,74,mujer
48979148-k,Kiomara Huinca,13,mujer
30492842-5,Barbara Jara,21,mujer
84671162-7,Javiera Jaramillo,48,mujer
57342278-3,Maria Martinez,84,mujer
73540572-1,Tiare Miranda,55,hombre
48762156-0,Constanza Morales,80,hombre
58509457-9,Sebastian Moya,89,mujer
58188294-7,Fabian Munoz,12,mujer
25844754-9,Valentina Munoz,58,hombre
29903675-8,Lucas Nunez,95,hombre
66844166-1,Vania Pena,45,hombre
32273643-6,Dylan Perez,77,hombre
80353279-6,Damary Pichulman,68,hombre
29622397-2,Francisca Pinto,26,hombre
78897889-8,Danae Poblete,94,mujer
58846331-1,Paula Quintrel,60,mujer
71652443-4,Camilo Roblero,78,mujer
90243628-6,Vicente Saez,36,mujer
84081575-7,Crichna Salazar,19,mujer
14114400-6,Elias Sanzana,87,mujer
83905334-7,Esteban Schroder,30,hombre
89146700-1,Nicolas Soto,46,hombre
29622980-6,Nicolas Urriola,20,mujer
20168747-0,Aylin Valdes,69,mujer
38725184-7,Damaris Venegas,30,hombre
28450511-5,Benjamin Vera,96,mujer
81018273-3,Monserrat Vidal,72,hombre
10742402-4,Anais Aguirre,54,hombre
85384785-2,Isaac Andrades,65,hombre
30001031-8,Karina Araos,29,mujer
48246125-5,Daniela Beroiza,67,mujer
48986292-1,Carolina Brevis,41,mujer
93892863-0,Camila Cabrera,55,hombre
52179815-7,Valentina Campos,22,hombre
19706256-8,Annais Caro,55,hombre
26196183-0,Abraham Carreno,27,mujer
11271286-0,Jael Cornejo,56,mujer
48998776-7,Aaron Cornejo,78,mujer
95521769-1,Matias Ferreira,47,hombre
55972471-8,Matias Fuentes,32,hombre
95487734-5,Alexandra Garay,58,hombre
63814706-8,Yahir Garrido,43,hombre
43597800-2,Justin Godoy,79,mujer
95403427-5,Camila Gonzalez,10,mujer
56914123-0,Natalia Henriquez,76,mujer
95623149-3,Jorge Hidalgo,87,mujer
37126798-0,Francisca Huenufil,47,mujer
92270331-0,Maria Jilberto,17,mujer
46288331-5,Cristhian Jimenez,94,mujer
90505307-8,Isidora Jimenez,13,mujer
95810168-6,Martin Leiva,73,hombre
94006732-4,Martina Leiva,62,hombre
61336127-8,Andres Lucero,81,hombre
32142510-0,Gamadiel Marin,73,hombre
21188032-5,Saad Sierra,18,mujer
64660903-8,Teigan Phelps,29,mujer
17677635-8,Chiara Howell,35,mujer
21332506-k,Nishat Greig,42,mujer
36615636-4,Niam Snider,50,hombre
30741496-1,Tasnim Rutledge,57,hombre
18970874-2,Henna Cantu,24,mujer
33491402-k,Amira Wong,28,mujer
47342099-6,Annaliese Ford,37,hombre
73815426-6,Marco Waters,21,hombre
19528671-k,Marian Spence,57,hombre
51844875-7,Amy Sharples,38,hombre
17327495-5,Eamonn Redfern,48,hombre
82719046-2,Katarina Chang,54,hombre
79873843-7,Annabelle Poole,40,hombre
66227912-9,Donte Salgado,40,mujer
44715611-3,Sufyan Rollins,44,hombre
71134226-5,Gracey Day,18,mujer
89260929-2,Otto Lindsay,25,hombre
72620651-1,Murphy Melendez,26,hombre
33908685-0,Marcel Mccarty,23,hombre
94221380-8,Lowri Henry,35,mujer
15823641-9,Juliet Goodman,43,mujer
39790970-0,Winnie Bloom,38,hombre
14736236-6,Baxter Bateman,46,mujer
17195049-k,Huda Sullivan,20,mujer
67710168-7,Ravi Avila,58,hombre
21201270-k,Hamza Carson,22,hombre
16833235-1,Faizaan Gilmour,44,mujer
32273167-1,Saoirse Tang,54,hombre
90922919-7,Harvey Marsden,35,mujer
60028335-9,Ehsan Liu,19,mujer
52968708-7,Orlaith Collier,60,mujer
57689116-4,Marcia Berg,27,mujer
10094201-1,Kamron Moran,39,mujer
85779616-0,Colin Rosario,24,mujer
15683276-6,Darrell Barnes,20,hombre
14825989-5,Akbar Healy,50,hombre
65207641-6,Valentino Gilliam,26,hombre
34761062-3,Damien Barnard,40,mujer
93600353-2,Jenna Wyatt,52,hombre
61627352-3,Chenai Lynch,33,mujer
33917878-k,Cleo Parsons,23,hombre
81311438-0,Meerab Shields,40,hombre
16506263-9,Asia Byers,54,mujer
48849361-2,Teejay Leon,45,hombre
23684561-3,Kelsie Vickers,29,hombre
12842111-4,Elisabeth Pickett,36,mujer
46524982-k,Tehya Curry,48,hombre
54556015-1,Nabila Silva,40,mujer
22240154-2,Kaira Frey,52,mujer
72478850-5,Lila Barron,59,mujer
25107105-5,Xander Goodwin,22,mujer
69768825-0,Lexi Cairns,45,hombre
42644643-k,Keyan Rigby,53,hombre
54004386-8,Donald Gordon,53,mujer
55514185-8,Kaylen Yoder,34,hombre
34762796-8,Rehaan Acosta,40,hombre
55422937-9,Ahsan Moyer,35,hombre
11636170-1,Simrah Begum,18,mujer
45453849-8,Rio Haas,30,hombre
84539370-2,Dannielle Power,59,hombre
96900689-8,Adam Delarosa,26,hombre
44281327-2,Yousif Mccullough,34,hombre
74580276-1,Zakary Ingram,21,mujer
78160098-9,Jordana Haley,23,mujer
65346159-3,Kavan Holder,42,mujer
72800848-2,Kieren Peck,49,hombre
79757833-9,Fiona Estrada,41,mujer
79459402-3,Esme-Rose Sargent,41,mujer
80921370-6,Kathy Leal,35,mujer
90172937-9,Hassan Gilmore,23,mujer
47942200-1,Rose Larsen,52,hombre
42538060-5,Jorge Tillman,22,hombre
70582800-8,Devonte Needham,56,mujer
14982281-k,Fahad Richmond,23,mujer
90155266-5,Kynan Benson,56,hombre
96951878-3,Maison Rhodes,23,mujer
72159761-k,Cai Woodward,32,mujer
72430402-8,Dania Neal,23,hombre
66045545-0,Irene Contreras,56,hombre
91231636-k,Briony Whelan,37,hombre
86516801-2,Vishal Merrill,49,hombre
64750606-2,Brad Stewart,42,mujer
90966759-3,Mina Dougherty,26,mujer
31111145-0,Phebe Braun,55,hombre
16792411-5,Murray Britton,56,mujer
58765828-3,Jaxx Blaese,19,hombre
42216276-3,Una Glenn,40,hombre
91844038-0,Luke Hills,48,hombre
43926456-k,Yasser Wilkins,47,hombre
13965853-1,Emir Bird,40,hombre
14343597-0,Reema Page,45,hombre
41966463-4,Nigel Dickens,36,mujer
21219682-7,Priyanka Navarro,43,hombre
95541523-k,Dina Clark,23,hombre
68208732-3,Ali Childs,56,mujer
43831962-k,Ava-Rose O'Ryan,60,hombre
22234852-8,Talitha Mcloughlin,60,hombre
39089742-1,Lily-Anne Patel,36,mujer
92696219-1,Keane Morrison,28,mujer
69568679-k,Mayson Baird,48,hombre
91935122-5,Rhiann Cote,45,hombre
68133700-8,Lina Mclaughlin,45,mujer
42938886-4,Ayush Pace,58,mujer
11439340-1,Zeeshan Johnston,26,hombre
39899583-k,Dominykas Lutz,55,mujer
39949282-3,Rafi Kaiser,37,hombre
53644614-1,Maaria Major,41,mujer
19552470-k,Blanka Alford,34,mujer
